rute_id,kode_rute,bandara_1_id,bandara_2_id,kategori
1,AAP-BDJ,13,339,DOMESTIK
2,AAP-BEJ,13,72,DOMESTIK
3,AAP-BPN,13,316,DOMESTIK
4,AAP-CGK,13,326,DOMESTIK
5,AAP-DPS,13,282,DOMESTIK
6,AAP-GHS,13,104,DOMESTIK
7,AAP-HLP,13,207,DOMESTIK
8,AAP-JOG,13,6,DOMESTIK
9,AAP-SOC,13,5,DOMESTIK
10,AAP-SUB,13,220,DOMESTIK
11,AAP-TJS,13,345,DOMESTIK
12,AAP-TRK,13,221,DOMESTIK
13,AAP-UPG,13,332,DOMESTIK
14,AAP-YIA,13,195,DOMESTIK
15,ABU-KOE,1,59,DOMESTIK
16,ADD-CGK,66,326,INTERNASIONAL
17,ADL-DPS,67,282,INTERNASIONAL
18,AEG-KNO,7,244,DOMESTIK
19,AKL-DPS,68,282,INTERNASIONAL
20,AMQ-BXB,294,82,DOMESTIK
21,AMQ-CGK,294,326,DOMESTIK
22,AMQ-DOB,294,97,DOMESTIK
23,AMQ-DPS,294,282,DOMESTIK
24,AMQ-FKQ,294,353,DOMESTIK
25,AMQ-HLP,294,207,DOMESTIK
26,AMQ-JIO,294,219,DOMESTIK
27,AMQ-KFR,294,118,DOMESTIK
28,AMQ-LUV,294,227,DOMESTIK
29,AMQ-MDC,294,308,DOMESTIK
30,AMQ-NAM,294,145,DOMESTIK
31,AMQ-NBX,294,146,DOMESTIK
32,AMQ-NRE,294,150,DOMESTIK
33,AMQ-SOQ,294,57,DOMESTIK
34,AMQ-SQN,294,172,DOMESTIK
35,AMQ-SUB,294,220,DOMESTIK
36,AMQ-SXK,294,259,DOMESTIK
37,AMQ-TTE,294,329,DOMESTIK
38,AMQ-UPG,294,332,DOMESTIK
39,AMS-CGK,69,326,INTERNASIONAL
40,AMS-DPS,69,282,INTERNASIONAL
41,AMS-KNO,69,244,INTERNASIONAL
42,ARD-DPS,252,282,DOMESTIK
43,ARD-KOE,252,59,DOMESTIK
44,AUH-CGK,70,326,INTERNASIONAL
45,AUH-DPS,70,282,INTERNASIONAL
46,AVV-DPS,71,282,INTERNASIONAL
47,BDJ-BDO,339,211,DOMESTIK
48,BDJ-BPN,339,316,DOMESTIK
49,BDJ-BTW,339,79,DOMESTIK
50,BDJ-CGK,339,326,DOMESTIK
51,BDJ-DHX,339,94,DOMESTIK
52,BDJ-DPS,339,282,DOMESTIK
53,BDJ-HMS,339,26,DOMESTIK
54,BDJ-JOG,339,6,DOMESTIK
55,BDJ-KBU,339,202,DOMESTIK
56,BDJ-KJT,339,232,DOMESTIK
57,BDJ-LOP,339,130,DOMESTIK
58,BDJ-PKN,339,215,DOMESTIK
59,BDJ-PKY,339,352,DOMESTIK
60,BDJ-SMQ,339,205,DOMESTIK
61,BDJ-SOC,339,5,DOMESTIK
62,BDJ-SRG,339,4,DOMESTIK
63,BDJ-SUB,339,220,DOMESTIK
64,BDJ-UPG,339,332,DOMESTIK
65,BDJ-YIA,339,195,DOMESTIK
66,BDO-BKS,211,75,DOMESTIK
67,BDO-BPN,211,316,DOMESTIK
68,BDO-BTH,211,209,DOMESTIK
69,BDO-BWX,211,35,DOMESTIK
70,BDO-CJN,211,87,DOMESTIK
71,BDO-DJB,211,337,DOMESTIK
72,BDO-DPS,211,282,DOMESTIK
73,BDO-HLP,211,207,DOMESTIK
74,BDO-JOG,211,6,DOMESTIK
75,BDO-KNO,211,244,DOMESTIK
76,BDO-KUL,211,122,INTERNASIONAL
77,BDO-LOP,211,130,DOMESTIK
78,BDO-PGK,211,50,DOMESTIK
79,BDO-PKU,211,336,DOMESTIK
80,BDO-PLM,211,323,DOMESTIK
81,BDO-SIN,211,171,INTERNASIONAL
82,BDO-SOC,211,5,DOMESTIK
83,BDO-SRG,211,4,DOMESTIK
84,BDO-SUB,211,220,DOMESTIK
85,BDO-TJQ,211,204,DOMESTIK
86,BDO-TKG,211,182,DOMESTIK
87,BDO-UPG,211,332,DOMESTIK
88,BEJ-BPN,72,316,DOMESTIK
89,BEJ-CGK,72,326,DOMESTIK
90,BEJ-DPS,72,282,DOMESTIK
91,BEJ-RTU,72,168,DOMESTIK
92,BEJ-SUB,72,220,DOMESTIK
93,BEJ-TRK,72,221,DOMESTIK
94,BEJ-YIA,72,195,DOMESTIK
95,BIK-DJJ,196,315,DOMESTIK
96,BIK-MKW,196,305,DOMESTIK
97,BIK-NBX,196,146,DOMESTIK
98,BIK-SOQ,196,57,DOMESTIK
99,BIK-UPG,196,332,DOMESTIK
100,BIK-ZRI,196,327,DOMESTIK
101,BJW-KOE,324,59,DOMESTIK
102,BJW-LBJ,324,125,DOMESTIK
103,BKI-BTH,73,209,INTERNASIONAL
104,BKI-CGK,73,326,INTERNASIONAL
105,BKI-DPS,73,282,INTERNASIONAL
106,BKI-MDC,73,308,INTERNASIONAL
107,BKK-CGK,74,326,INTERNASIONAL
108,BKK-DPS,74,282,INTERNASIONAL
109,BKS-BTH,75,209,DOMESTIK
110,BKS-CGK,75,326,DOMESTIK
111,BKS-HLP,75,207,DOMESTIK
112,BKS-PDG,75,264,DOMESTIK
113,BKS-PLM,75,323,DOMESTIK
114,BKS-TKG,75,182,DOMESTIK
115,BLR-DPS,76,282,INTERNASIONAL
116,BMU-DPS,334,282,DOMESTIK
117,BMU-ENE,334,206,DOMESTIK
118,BMU-LBJ,334,125,DOMESTIK
119,BMU-LOP,334,130,DOMESTIK
120,BMU-UPG,334,332,DOMESTIK
121,BNE-DPS,77,282,INTERNASIONAL
122,BOM-CGK,78,326,INTERNASIONAL
123,BPN-BTH,316,209,DOMESTIK
124,BPN-BWN,316,81,INTERNASIONAL
125,BPN-CGK,316,326,DOMESTIK
126,BPN-DHX,316,94,DOMESTIK
127,BPN-DPS,316,282,DOMESTIK
128,BPN-GHS,316,104,DOMESTIK
129,BPN-HLP,316,207,DOMESTIK
130,BPN-JED,316,114,INTERNASIONAL
131,BPN-JOG,316,6,DOMESTIK
132,BPN-KCH,316,116,INTERNASIONAL
133,BPN-KJT,316,232,DOMESTIK
134,BPN-KNO,316,244,DOMESTIK
135,BPN-KUL,316,122,INTERNASIONAL
136,BPN-LNU,316,312,DOMESTIK
137,BPN-LOP,316,130,DOMESTIK
138,BPN-MDC,316,308,DOMESTIK
139,BPN-MED,316,135,INTERNASIONAL
140,BPN-MJU,316,342,DOMESTIK
141,BPN-PDG,316,264,DOMESTIK
142,BPN-PKN,316,215,DOMESTIK
143,BPN-PKY,316,352,DOMESTIK
144,BPN-PLW,316,275,DOMESTIK
145,BPN-PNK,316,338,DOMESTIK
146,BPN-SIN,316,171,INTERNASIONAL
147,BPN-SOC,316,5,DOMESTIK
148,BPN-SRG,316,4,DOMESTIK
149,BPN-SUB,316,220,DOMESTIK
150,BPN-TJS,316,345,DOMESTIK
151,BPN-TRK,316,221,DOMESTIK
152,BPN-TRT,316,42,DOMESTIK
153,BPN-UPG,316,332,DOMESTIK
154,BPN-YIA,316,195,DOMESTIK
155,BTH-BTJ,209,333,DOMESTIK
156,BTH-CGK,209,326,DOMESTIK
157,BTH-DJB,209,337,DOMESTIK
158,BTH-DTB,209,319,DOMESTIK
159,BTH-DUM,209,295,DOMESTIK
160,BTH-HLP,209,207,DOMESTIK
161,BTH-ICN,209,112,INTERNASIONAL
162,BTH-JOG,209,6,DOMESTIK
163,BTH-KJT,209,232,DOMESTIK
164,BTH-KNO,209,244,DOMESTIK
165,BTH-KUL,209,122,INTERNASIONAL
166,BTH-LMU,209,21,DOMESTIK
167,BTH-LOP,209,130,DOMESTIK
168,BTH-MWK,209,144,DOMESTIK
169,BTH-NTX,209,303,DOMESTIK
170,BTH-PDG,209,264,DOMESTIK
171,BTH-PEN,209,157,INTERNASIONAL
172,BTH-PGK,209,50,DOMESTIK
173,BTH-PKU,209,336,DOMESTIK
174,BTH-PLM,209,323,DOMESTIK
175,BTH-PNK,209,338,DOMESTIK
176,BTH-SIQ,209,45,DOMESTIK
177,BTH-SRG,209,4,DOMESTIK
178,BTH-SUB,209,220,DOMESTIK
179,BTH-SZB,209,176,INTERNASIONAL
180,BTH-SZX,209,177,INTERNASIONAL
181,BTH-TKG,209,182,DOMESTIK
182,BTH-TNJ,209,301,DOMESTIK
183,BTH-XIY,209,193,INTERNASIONAL
184,BTH-YIA,209,195,DOMESTIK
185,BTJ-BTJ,333,333,DOMESTIK
186,BTJ-CGK,333,326,DOMESTIK
187,BTJ-KNO,333,244,DOMESTIK
188,BTJ-KUL,333,122,INTERNASIONAL
189,BTJ-PEN,333,157,INTERNASIONAL
190,BTW-UPG,79,332,DOMESTIK
191,BUU-CGK,80,326,DOMESTIK
192,BUU-DJB,80,337,DOMESTIK
193,BUU-KRC,80,51,DOMESTIK
194,BUU-PLM,80,323,DOMESTIK
195,BUW-KDI,28,208,DOMESTIK
196,BUW-UPG,28,332,DOMESTIK
197,BUW-WNI,28,190,DOMESTIK
198,BWN-CGK,81,326,INTERNASIONAL
199,BWN-DPS,81,282,INTERNASIONAL
200,BWN-SUB,81,220,INTERNASIONAL
201,BWX-CGK,35,326,DOMESTIK
202,BWX-DPS,35,282,DOMESTIK
203,BWX-SUB,35,220,DOMESTIK
204,BXB-FKQ,82,353,DOMESTIK
205,BXB-SOQ,82,57,DOMESTIK
206,CAI-CGK,83,326,INTERNASIONAL
207,CAN-CGK,84,326,INTERNASIONAL
208,CAN-DPS,84,282,INTERNASIONAL
209,CAN-MDC,84,308,INTERNASIONAL
210,CBR-DPS,85,282,INTERNASIONAL
211,CGK-CMB,326,88,INTERNASIONAL
212,CGK-CTU,326,91,INTERNASIONAL
213,CGK-DHX,326,94,DOMESTIK
214,CGK-DJB,326,337,DOMESTIK
215,CGK-DJJ,326,315,DOMESTIK
216,CGK-DMK,326,96,INTERNASIONAL
217,CGK-DOH,326,98,INTERNASIONAL
218,CGK-DPS,326,282,INTERNASIONAL
219,CGK-DTB,326,319,DOMESTIK
220,CGK-DWC,326,101,INTERNASIONAL
221,CGK-DXB,326,102,INTERNASIONAL
222,CGK-FLZ,326,65,DOMESTIK
223,CGK-FOC,326,103,INTERNASIONAL
224,CGK-GNS,326,31,DOMESTIK
225,CGK-GTO,326,54,DOMESTIK
226,CGK-HAK,326,105,INTERNASIONAL
227,CGK-HAN,326,106,INTERNASIONAL
228,CGK-HGH,326,107,INTERNASIONAL
229,CGK-HKG,326,108,INTERNASIONAL
230,CGK-HND,326,110,INTERNASIONAL
231,CGK-ICN,326,112,INTERNASIONAL
232,CGK-IST,326,113,INTERNASIONAL
233,CGK-JED,326,114,INTERNASIONAL
234,CGK-JHB,326,115,INTERNASIONAL
235,CGK-JOG,326,6,DOMESTIK
236,CGK-KCH,326,116,INTERNASIONAL
237,CGK-KDI,326,208,DOMESTIK
238,CGK-KIX,326,120,INTERNASIONAL
239,CGK-KJT,326,232,DOMESTIK
240,CGK-KMG,326,121,INTERNASIONAL
241,CGK-KNO,326,244,DOMESTIK
242,CGK-KOE,326,59,DOMESTIK
243,CGK-KUL,326,122,INTERNASIONAL
244,CGK-KWL,326,124,INTERNASIONAL
245,CGK-LBJ,326,125,DOMESTIK
246,CGK-LLJ,326,318,DOMESTIK
247,CGK-LOP,326,130,DOMESTIK
248,CGK-LUW,326,341,DOMESTIK
249,CGK-LUX,326,132,INTERNASIONAL
250,CGK-MCT,326,134,INTERNASIONAL
251,CGK-MDC,326,308,DOMESTIK
252,CGK-MED,326,135,INTERNASIONAL
253,CGK-MEL,326,136,INTERNASIONAL
254,CGK-MFM,326,138,INTERNASIONAL
255,CGK-MKW,326,305,DOMESTIK
256,CGK-MLG,326,2,DOMESTIK
257,CGK-MNL,326,142,INTERNASIONAL
258,CGK-NGO,326,147,INTERNASIONAL
259,CGK-NKG,326,148,INTERNASIONAL
260,CGK-NNG,326,149,INTERNASIONAL
261,CGK-NRT,326,151,INTERNASIONAL
262,CGK-PDG,326,264,DOMESTIK
263,CGK-PEK,326,156,INTERNASIONAL
264,CGK-PEN,326,157,INTERNASIONAL
265,CGK-PER,326,158,INTERNASIONAL
266,CGK-PGK,326,50,DOMESTIK
267,CGK-PKN,326,215,DOMESTIK
268,CGK-PKU,326,336,DOMESTIK
269,CGK-PKY,326,352,DOMESTIK
270,CGK-PLM,326,323,DOMESTIK
271,CGK-PLW,326,275,DOMESTIK
272,CGK-PNH,326,160,INTERNASIONAL
273,CGK-PNK,326,338,DOMESTIK
274,CGK-PVG,326,165,INTERNASIONAL
275,CGK-RUH,326,169,INTERNASIONAL
276,CGK-SGN,326,170,INTERNASIONAL
277,CGK-SIN,326,171,INTERNASIONAL
278,CGK-SMQ,326,205,DOMESTIK
279,CGK-SOC,326,5,DOMESTIK
280,CGK-SOQ,326,57,DOMESTIK
281,CGK-SRG,326,4,DOMESTIK
282,CGK-SRI,326,173,DOMESTIK
283,CGK-SUB,326,220,INTERNASIONAL
284,CGK-SYD,326,175,INTERNASIONAL
285,CGK-SZB,326,176,INTERNASIONAL
286,CGK-SZX,326,177,INTERNASIONAL
287,CGK-TAS,326,178,INTERNASIONAL
288,CGK-TFU,326,180,INTERNASIONAL
289,CGK-TIM,326,269,DOMESTIK
290,CGK-TJQ,326,204,DOMESTIK
291,CGK-TKG,326,182,DOMESTIK
292,CGK-TNJ,326,301,DOMESTIK
293,CGK-TPE,326,185,INTERNASIONAL
294,CGK-TRK,326,221,DOMESTIK
295,CGK-TTE,326,329,DOMESTIK
296,CGK-UPG,326,332,DOMESTIK
297,CGK-WNZ,326,191,INTERNASIONAL
298,CGK-WUH,326,192,INTERNASIONAL
299,CGK-XMN,326,194,INTERNASIONAL
300,CGK-YIA,326,195,DOMESTIK
301,CGO-DPS,86,282,INTERNASIONAL
302,CJN-HLP,87,207,DOMESTIK
303,CJN-PCB,87,155,DOMESTIK
304,CNS-DPS,89,282,INTERNASIONAL
305,CPF-HLP,281,207,DOMESTIK
306,CPF-PCB,281,155,DOMESTIK
307,CPF-SUB,281,220,DOMESTIK
308,CSX-DPS,90,282,INTERNASIONAL
309,CSX-MDC,90,308,INTERNASIONAL
310,CXP-HLP,357,207,DOMESTIK
311,DEL-DPS,92,282,INTERNASIONAL
312,DEL-KNO,92,244,INTERNASIONAL
313,DEX-DJJ,93,315,DOMESTIK
314,DEX-WMX,93,189,DOMESTIK
315,DHX-DPS,94,282,DOMESTIK
316,DHX-UPG,94,332,DOMESTIK
317,DIL-DPS,95,282,INTERNASIONAL
318,DIL-KOE,95,59,INTERNASIONAL
319,DJB-HLP,337,207,DOMESTIK
320,DJB-KNO,337,244,DOMESTIK
321,DJB-PDG,337,264,DOMESTIK
322,DJB-PKU,337,336,DOMESTIK
323,DJB-PLM,337,323,DOMESTIK
324,DJB-TKG,337,182,DOMESTIK
325,DJB-YIA,337,195,DOMESTIK
326,DJJ-HLP,315,207,DOMESTIK
327,DJJ-MKQ,315,139,DOMESTIK
328,DJJ-MKW,315,305,DOMESTIK
329,DJJ-NBX,315,146,DOMESTIK
330,DJJ-OKL,315,153,DOMESTIK
331,DJJ-SOQ,315,57,DOMESTIK
332,DJJ-SUB,315,220,DOMESTIK
333,DJJ-TIM,315,269,DOMESTIK
334,DJJ-TMH,315,184,DOMESTIK
335,DJJ-UPG,315,332,DOMESTIK
336,DJJ-WMX,315,189,DOMESTIK
337,DJJ-ZRI,315,327,DOMESTIK
338,DMK-DPS,96,282,INTERNASIONAL
339,DMK-KNO,96,244,INTERNASIONAL
340,DOB-LUV,97,227,DOMESTIK
341,DOH-DPS,98,282,INTERNASIONAL
342,DOH-KNO,98,244,INTERNASIONAL
343,DPS-DPS,282,282,DOMESTIK
344,DPS-DRW,282,99,INTERNASIONAL
345,DPS-DXB,282,102,INTERNASIONAL
346,DPS-FOC,282,103,INTERNASIONAL
347,DPS-HAN,282,106,INTERNASIONAL
348,DPS-HGH,282,107,INTERNASIONAL
349,DPS-HKG,282,108,INTERNASIONAL
350,DPS-HKT,282,109,INTERNASIONAL
351,DPS-HLP,282,207,DOMESTIK
352,DPS-HND,282,110,INTERNASIONAL
353,DPS-ICN,282,112,INTERNASIONAL
354,DPS-IST,282,113,INTERNASIONAL
355,DPS-JOG,282,6,DOMESTIK
356,DPS-KHN,282,119,INTERNASIONAL
357,DPS-KIX,282,120,INTERNASIONAL
358,DPS-KJT,282,232,DOMESTIK
359,DPS-KMG,282,121,INTERNASIONAL
360,DPS-KNO,282,244,INTERNASIONAL
361,DPS-KOE,282,59,DOMESTIK
362,DPS-KUL,282,122,INTERNASIONAL
363,DPS-LBJ,282,125,DOMESTIK
364,DPS-LOP,282,130,DOMESTIK
365,DPS-MDC,282,308,INTERNASIONAL
366,DPS-MEL,282,136,INTERNASIONAL
367,DPS-MLG,282,2,DOMESTIK
368,DPS-MNL,282,142,INTERNASIONAL
369,DPS-MOF,282,198,DOMESTIK
370,DPS-NKG,282,148,INTERNASIONAL
371,DPS-NRT,282,151,INTERNASIONAL
372,DPS-OOL,282,154,INTERNASIONAL
373,DPS-PEK,282,156,INTERNASIONAL
374,DPS-PEN,282,157,INTERNASIONAL
375,DPS-PER,282,158,INTERNASIONAL
376,DPS-PHE,282,159,INTERNASIONAL
377,DPS-PLM,282,323,DOMESTIK
378,DPS-PNK,282,338,DOMESTIK
379,DPS-POM,282,161,INTERNASIONAL
380,DPS-PUS,282,164,INTERNASIONAL
381,DPS-PVG,282,165,INTERNASIONAL
382,DPS-SGN,282,170,INTERNASIONAL
383,DPS-SIN,282,171,INTERNASIONAL
384,DPS-SOC,282,5,DOMESTIK
385,DPS-SOQ,282,57,DOMESTIK
386,DPS-SRG,282,4,DOMESTIK
387,DPS-SUB,282,220,DOMESTIK
388,DPS-SVO,282,174,INTERNASIONAL
389,DPS-SWQ,282,335,DOMESTIK
390,DPS-SYD,282,175,INTERNASIONAL
391,DPS-SZX,282,177,INTERNASIONAL
392,DPS-TIM,282,269,DOMESTIK
393,DPS-TKG,282,182,DOMESTIK
394,DPS-TMC,282,183,DOMESTIK
395,DPS-TPE,282,185,INTERNASIONAL
396,DPS-UPG,282,332,DOMESTIK
397,DPS-WGP,282,358,DOMESTIK
398,DPS-WUH,282,192,INTERNASIONAL
399,DPS-XIY,282,193,INTERNASIONAL
400,DPS-XMN,282,194,INTERNASIONAL
401,DPS-YIA,282,195,DOMESTIK
402,DTB-HLP,319,207,DOMESTIK
403,DTB-KNO,319,244,DOMESTIK
404,DTB-KUL,319,122,INTERNASIONAL
405,DUM-KNO,295,244,DOMESTIK
406,DUM-PKU,295,336,DOMESTIK
407,DVO-MDC,100,308,INTERNASIONAL
408,ENE-KOE,206,59,DOMESTIK
409,ENE-LBJ,206,125,DOMESTIK
410,ENE-TMC,206,183,DOMESTIK
411,EWE-MKQ,267,139,DOMESTIK
412,EWE-TIM,267,269,DOMESTIK
413,FKQ-KNG,353,360,DOMESTIK
414,FKQ-MKW,353,305,DOMESTIK
415,FKQ-SOQ,353,57,DOMESTIK
416,FLZ-KNO,65,244,DOMESTIK
417,FOC-MDC,103,308,INTERNASIONAL
418,GLX-MDC,199,308,DOMESTIK
419,GNS-KNO,31,244,DOMESTIK
420,GNS-PDG,31,264,DOMESTIK
421,GTO-MDC,54,308,DOMESTIK
422,GTO-PLW,54,275,DOMESTIK
423,GTO-TRK,54,221,DOMESTIK
424,GTO-UPG,54,332,DOMESTIK
425,HAK-SOC,105,5,INTERNASIONAL
426,HAK-SRG,105,4,INTERNASIONAL
427,HKG-SUB,108,220,INTERNASIONAL
428,HLP-JOG,207,6,DOMESTIK
429,HLP-KNO,207,244,DOMESTIK
430,HLP-KOE,207,59,DOMESTIK
431,HLP-LOP,207,130,DOMESTIK
432,HLP-MLG,207,2,DOMESTIK
433,HLP-PDG,207,264,DOMESTIK
434,HLP-PKN,207,215,DOMESTIK
435,HLP-PKU,207,336,DOMESTIK
436,HLP-PLM,207,323,DOMESTIK
437,HLP-PWL,207,166,DOMESTIK
438,HLP-SIN,207,171,INTERNASIONAL
439,HLP-SOC,207,5,DOMESTIK
440,HLP-SRG,207,4,DOMESTIK
441,HLP-SUB,207,220,DOMESTIK
442,HLP-TJQ,207,204,DOMESTIK
443,HLP-TKG,207,182,DOMESTIK
444,HLP-TSY,207,369,DOMESTIK
445,HLP-TTE,207,329,DOMESTIK
446,HLP-UPG,207,332,DOMESTIK
447,HLP-YIA,207,195,DOMESTIK
448,IAX-MNA,111,141,DOMESTIK
449,JBB-SUB,283,220,DOMESTIK
450,JED-KNO,114,244,INTERNASIONAL
451,JED-MED,114,135,INTERNASIONAL
452,JED-SOC,114,5,INTERNASIONAL
453,JED-SUB,114,220,INTERNASIONAL
454,JED-UPG,114,332,INTERNASIONAL
455,JHB-SUB,115,220,INTERNASIONAL
456,JOG-KNO,6,244,DOMESTIK
457,JOG-KUL,6,122,INTERNASIONAL
458,JOG-LOP,6,130,DOMESTIK
459,JOG-PDG,6,264,DOMESTIK
460,JOG-PGK,6,50,DOMESTIK
461,JOG-PKN,6,215,DOMESTIK
462,JOG-PKU,6,336,DOMESTIK
463,JOG-PLM,6,323,DOMESTIK
464,JOG-PNK,6,338,DOMESTIK
465,JOG-SIN,6,171,INTERNASIONAL
466,JOG-SUB,6,220,DOMESTIK
467,JOG-TKG,6,182,DOMESTIK
468,JOG-UPG,6,332,DOMESTIK
469,KAZ-MDC,240,308,DOMESTIK
470,KAZ-TTE,240,329,DOMESTIK
471,KBU-UPG,202,332,DOMESTIK
472,KCH-PNK,116,338,INTERNASIONAL
473,KDI-SUB,208,220,DOMESTIK
474,KDI-UPG,208,332,DOMESTIK
475,KDI-WNI,208,190,DOMESTIK
476,KEI-MKQ,117,139,DOMESTIK
477,KJT-KNO,232,244,DOMESTIK
478,KJT-KUL,232,122,INTERNASIONAL
479,KJT-LOP,232,130,DOMESTIK
480,KJT-PKU,232,336,DOMESTIK
481,KJT-PLM,232,323,DOMESTIK
482,KJT-PNK,232,338,DOMESTIK
483,KJT-SIN,232,171,INTERNASIONAL
484,KJT-SUB,232,220,DOMESTIK
485,KJT-UPG,232,332,DOMESTIK
486,KNG-MKW,360,305,DOMESTIK
487,KNG-SOQ,360,57,DOMESTIK
488,KNO-KUL,244,122,INTERNASIONAL
489,KNO-LGK,244,126,INTERNASIONAL
490,KNO-LHR,244,127,INTERNASIONAL
491,KNO-LKI,244,128,DOMESTIK
492,KNO-LSW,244,131,DOMESTIK
493,KNO-MAA,244,133,INTERNASIONAL
494,KNO-MED,244,135,INTERNASIONAL
495,KNO-MEQ,244,137,DOMESTIK
496,KNO-PDG,244,264,DOMESTIK
497,KNO-PEN,244,157,INTERNASIONAL
498,KNO-PKU,244,336,DOMESTIK
499,KNO-PLM,244,323,DOMESTIK
500,KNO-SIN,244,171,INTERNASIONAL
501,KNO-SNB,244,246,DOMESTIK
502,KNO-SOC,244,5,DOMESTIK
503,KNO-SRG,244,4,DOMESTIK
504,KNO-SUB,244,220,DOMESTIK
505,KNO-TKG,244,182,DOMESTIK
506,KNO-TXE,244,304,DOMESTIK
507,KNO-YIA,244,195,DOMESTIK
508,KOE-LBJ,59,125,DOMESTIK
509,KOE-LKA,59,201,DOMESTIK
510,KOE-LWE,59,370,DOMESTIK
511,KOE-MOF,59,198,DOMESTIK
512,KOE-RTG,59,197,DOMESTIK
513,KOE-RTI,59,49,DOMESTIK
514,KOE-SAU,59,346,DOMESTIK
515,KOE-SUB,59,220,DOMESTIK
516,KOE-TMC,59,183,DOMESTIK
517,KOE-UPG,59,332,DOMESTIK
518,KOE-WGP,59,358,DOMESTIK
519,KSR-UPG,203,332,DOMESTIK
520,KTG-PCB,299,155,DOMESTIK
521,KTG-PNK,299,338,DOMESTIK
522,KTG-SRG,299,4,DOMESTIK
523,KUL-LBJ,122,125,INTERNASIONAL
524,KUL-LOP,122,130,INTERNASIONAL
525,KUL-MAA,122,133,INTERNASIONAL
526,KUL-PDG,122,264,INTERNASIONAL
527,KUL-PKU,122,336,INTERNASIONAL
528,KUL-PLM,122,323,INTERNASIONAL
529,KUL-PNK,122,338,INTERNASIONAL
530,KUL-SOC,122,5,INTERNASIONAL
531,KUL-SRG,122,4,INTERNASIONAL
532,KUL-SUB,122,220,INTERNASIONAL
533,KUL-TJQ,122,204,INTERNASIONAL
534,KUL-TKG,122,182,INTERNASIONAL
535,KUL-UPG,122,332,INTERNASIONAL
536,KUL-YIA,122,195,INTERNASIONAL
537,KWB-SRG,123,4,DOMESTIK
538,KXB-UPG,310,332,DOMESTIK
539,LAH-TTE,287,329,DOMESTIK
540,LBJ-LOP,125,130,DOMESTIK
541,LBJ-MOF,125,198,DOMESTIK
542,LBJ-RTI,125,49,DOMESTIK
543,LBJ-SUB,125,220,DOMESTIK
544,LBJ-TMC,125,183,DOMESTIK
545,LBJ-UPG,125,332,DOMESTIK
546,LLJ-PCB,318,155,DOMESTIK
547,LLJ-PLM,318,323,DOMESTIK
548,LLO-UPG,129,332,DOMESTIK
549,LMU-NTX,21,303,DOMESTIK
550,LMU-TNJ,21,301,DOMESTIK
551,LNU-TRK,312,221,DOMESTIK
552,LOP-PER,130,158,INTERNASIONAL
553,LOP-SIN,130,171,INTERNASIONAL
554,LOP-SRG,130,4,DOMESTIK
555,LOP-SUB,130,220,DOMESTIK
556,LOP-SWQ,130,335,DOMESTIK
557,LOP-UPG,130,332,DOMESTIK
558,LOP-YIA,130,195,DOMESTIK
559,LUV-TIM,227,269,DOMESTIK
560,LUW-MDC,341,308,DOMESTIK
561,LUW-PLW,341,275,DOMESTIK
562,LUW-UPG,341,332,DOMESTIK
563,MDC-MNA,308,141,DOMESTIK
564,MDC-NAH,308,277,DOMESTIK
565,MDC-NRT,308,151,INTERNASIONAL
566,MDC-OTI,308,296,DOMESTIK
567,MDC-PVG,308,165,INTERNASIONAL
568,MDC-SIN,308,171,INTERNASIONAL
569,MDC-SOQ,308,57,DOMESTIK
570,MDC-SUB,308,220,DOMESTIK
571,MDC-TIM,308,269,DOMESTIK
572,MDC-TTE,308,329,DOMESTIK
573,MDC-UPG,308,332,DOMESTIK
574,MED-SOC,135,5,INTERNASIONAL
575,MED-SUB,135,220,INTERNASIONAL
576,MED-UPG,135,332,INTERNASIONAL
577,MJU-UPG,342,332,DOMESTIK
578,MKQ-OKL,139,153,DOMESTIK
579,MKQ-TMH,139,184,DOMESTIK
580,MKQ-UPG,139,332,DOMESTIK
581,MKW-NBX,305,146,DOMESTIK
582,MKW-NTI,305,152,DOMESTIK
583,MKW-SOQ,305,57,DOMESTIK
584,MKW-UPG,305,332,DOMESTIK
585,MKZ-PKU,140,336,INTERNASIONAL
586,MLG-MLG,2,2,DOMESTIK
587,MNA-NAH,141,277,DOMESTIK
588,MOF-UPG,198,332,DOMESTIK
589,MOH-PLW,143,275,DOMESTIK
590,MOH-UPG,143,332,DOMESTIK
591,MWK-TNJ,144,301,DOMESTIK
592,NBX-SOQ,146,57,DOMESTIK
593,NBX-TIM,146,269,DOMESTIK
594,NNX-TRK,285,221,DOMESTIK
595,NTI-SOQ,152,57,DOMESTIK
596,NTX-PNK,303,338,DOMESTIK
597,OJU-PLW,344,275,DOMESTIK
598,OJU-UPG,344,332,DOMESTIK
599,OTI-TTE,296,329,DOMESTIK
600,PCB-PKN,155,215,DOMESTIK
601,PCB-PWL,155,166,DOMESTIK
602,PCB-SMQ,155,205,DOMESTIK
603,PCB-TFY,155,181,DOMESTIK
604,PCB-TKG,155,182,DOMESTIK
605,PCB-TSY,155,369,DOMESTIK
606,PDG-PKU,264,336,DOMESTIK
607,PDG-PLM,264,323,DOMESTIK
608,PDG-SRG,264,4,DOMESTIK
609,PDG-SUB,264,220,DOMESTIK
610,PDG-YIA,264,195,DOMESTIK
611,PEN-SUB,157,220,INTERNASIONAL
612,PER-SUB,158,220,INTERNASIONAL
613,PGK-PLM,50,323,DOMESTIK
614,PGK-SOC,50,5,DOMESTIK
615,PGK-SUB,50,220,DOMESTIK
616,PGK-TJQ,50,204,DOMESTIK
617,PGK-YIA,50,195,DOMESTIK
618,PGQ-TTE,41,329,DOMESTIK
619,PKN-PKY,215,352,DOMESTIK
620,PKN-PNK,215,338,DOMESTIK
621,PKN-SMQ,215,205,DOMESTIK
622,PKN-SRG,215,4,DOMESTIK
623,PKN-SUB,215,220,DOMESTIK
624,PKU-PLM,336,323,DOMESTIK
625,PKU-SIN,336,171,INTERNASIONAL
626,PKU-SIQ,336,45,DOMESTIK
627,PKU-SRG,336,4,DOMESTIK
628,PKU-SUB,336,220,DOMESTIK
629,PKU-SZB,336,176,INTERNASIONAL
630,PKU-TNJ,336,301,DOMESTIK
631,PKU-YIA,336,195,DOMESTIK
632,PKY-PNK,352,338,DOMESTIK
633,PKY-SMQ,352,205,DOMESTIK
634,PKY-SOC,352,5,DOMESTIK
635,PKY-SRG,352,4,DOMESTIK
636,PKY-SUB,352,220,DOMESTIK
637,PKY-YIA,352,195,DOMESTIK
638,PLM-PXA,323,167,DOMESTIK
639,PLM-SIN,323,171,INTERNASIONAL
640,PLM-SOC,323,5,DOMESTIK
641,PLM-SRG,323,4,DOMESTIK
642,PLM-SUB,323,220,DOMESTIK
643,PLM-TKG,323,182,DOMESTIK
644,PLM-YIA,323,195,DOMESTIK
645,PLW-SUB,275,220,DOMESTIK
646,PLW-TLI,275,330,DOMESTIK
647,PLW-UOL,275,188,DOMESTIK
648,PLW-UPG,275,332,DOMESTIK
649,PNK-PSU,338,162,DOMESTIK
650,PNK-SOC,338,5,DOMESTIK
651,PNK-SQG,338,347,DOMESTIK
652,PNK-SRG,338,4,DOMESTIK
653,PNK-SUB,338,220,DOMESTIK
654,PNK-TBX,338,179,DOMESTIK
655,PNK-UPG,338,332,DOMESTIK
656,PNK-YIA,338,195,DOMESTIK
657,PSJ-UPG,229,332,DOMESTIK
658,PUM-UPG,163,332,DOMESTIK
659,PVG-XMN,165,194,INTERNASIONAL
660,PWL-SUB,166,220,DOMESTIK
661,RAQ-UPG,328,332,DOMESTIK
662,SIN-SRG,171,4,INTERNASIONAL
663,SIN-SUB,171,220,INTERNASIONAL
664,SIN-TPE,171,185,INTERNASIONAL
665,SIN-UPG,171,332,INTERNASIONAL
666,SIN-YIA,171,195,INTERNASIONAL
667,SIQ-TNJ,45,301,DOMESTIK
668,SMQ-SRG,205,4,DOMESTIK
669,SMQ-SUB,205,220,DOMESTIK
670,SOC-SOC,5,5,DOMESTIK
671,SOC-SUB,5,220,DOMESTIK
672,SOQ-SUB,57,220,DOMESTIK
673,SOQ-TIM,57,269,DOMESTIK
674,SOQ-UPG,57,332,DOMESTIK
675,SQN-TTE,172,329,DOMESTIK
676,SRG-SRG,4,4,DOMESTIK
677,SRG-SUB,4,220,DOMESTIK
678,SRG-UPG,4,332,DOMESTIK
679,SUB-SUP,220,354,DOMESTIK
680,SUB-TIM,220,269,DOMESTIK
681,SUB-TRK,220,221,DOMESTIK
682,SUB-TTE,220,329,DOMESTIK
683,SUB-UPG,220,332,DOMESTIK
684,TBX-TNJ,179,301,DOMESTIK
685,TFY-TKG,181,182,DOMESTIK
686,TIM-UPG,269,332,DOMESTIK
687,TIM-WMX,269,189,DOMESTIK
688,TJS-TRK,345,221,DOMESTIK
689,TKG-YIA,182,195,DOMESTIK
690,TRK-TWU,221,186,INTERNASIONAL
691,TRK-UPG,221,332,DOMESTIK
692,TRK-YIA,221,195,DOMESTIK
693,TRT-UPG,42,332,DOMESTIK
694,TTE-UPG,329,332,DOMESTIK
695,UPG-UPG,332,332,DOMESTIK
696,UPG-WNI,332,190,DOMESTIK
697,UPG-YIA,332,195,DOMESTIK
